{
   "Lat": 40.49150781307293,
   "Lon": 141.4489189761128,
   "Time": "2023-11-22 13:30:10.1"
}