{
   "Lat": 40.491831,
   "Lon": 141.446644,
   "Time": "2023-11-22 13:30:10.1"
}