{
   "Lat": 40.49241079128547,
   "Lon": 141.4494516070716,
   "Time": "2023-11-22 13:30:10.1"
}