{
  "Lat": 40.49182531260464,
  "Lon": 141.4466477109985,
  "Time": "2023-05-23 7:55:00.194050"
}
