{
  "Lat": 40.491474858134076,
  "Lon": 141.44786197818132,
  "Time": "2023-05-31 7:53:00.194050"
}
