{
  "Lat": 40.492408949442485,
  "Lon": 141.44946511556677,
  "Time": "2023-05-22 7:54:00.194050"
}
